{
    "shot_poses": [
        {
            "rotation": [
                1.2050254704895456, 
                -0.40184140589685335, 
                0.5298016262406422
            ], 
            "translation": [
                52.51889135654519, 
                13.4003018646187, 
                2.084387477405234
            ]
        }
    ]
}