{
    "shot_poses": [
        {
            "rotation": [
                -1.781808688220989, 
                2.260334043304461, 
                -1.7894700960481809
            ], 
            "translation": [
                41.88441737477039, 
                -87.63255419088932, 
                104.23808068299698
            ]
        }
    ]
}