{
    "shot_poses": [
        {
            "rotation": [
                4.991226752523707, 
                0.8567129826312296, 
                -1.5338784800510883
            ], 
            "translation": [
                41.88525906681716, 
                -87.6306642374352, 
                -90.26575198682531
            ]
        }
    ]
}