{
    "shot_poses": [
        {
            "rotation": [
                1.1525337490998973, 
                0.8165975378862109, 
                -1.0911081027495233
            ], 
            "translation": [
                19.15213820439979, 
                72.85597837938234, 
                2.6127768689903728
            ]
        }
    ]
}